token,경주빈도,전주빈도,빈도합,경주비율,전주비율
코스,447,459,906,49.337748%,50.662252%
추천,424,289,713,59.467041%,40.532959%
계획,151,64,215,70.232558%,29.767442%
곳,134,433,567,23.633157%,76.366843%
맛집,133,322,455,29.230769%,70.769231%
황리,132,0,132,100.000000%,0.000000%
길,127,0,127,100.000000%,0.000000%
숙소,126,61,187,67.379679%,32.620321%
일정,113,97,210,53.809524%,46.190476%
질문,98,90,188,52.127660%,47.872340%
부탁,90,61,151,59.602649%,40.397351%
지,90,5,95,94.736842%,5.263158%
답변,88,47,135,65.185185%,34.814815%
방문,87,10,97,89.690722%,10.309278%
차,80,61,141,56.737589%,43.262411%
가족,75,17,92,81.521739%,18.478261%
참고,68,43,111,61.261261%,38.738739%
카페,68,15,83,81.927711%,18.072289%
안녕,60,45,105,57.142857%,42.857143%
관련,58,32,90,64.444444%,35.555556%
불국사,57,0,57,100.000000%,0.000000%
첨성대,52,0,52,100.000000%,0.000000%
석굴암,50,0,50,100.000000%,0.000000%
월지,50,0,50,100.000000%,0.000000%
동궁,48,0,48,100.000000%,0.000000%
친구,48,75,123,39.024390%,60.975610%
관광지,45,27,72,62.500000%,37.500000%
엄마,45,0,45,100.000000%,0.000000%
아이,40,13,53,75.471698%,24.528302%
준비,40,30,70,57.142857%,42.857143%
택시,40,24,64,62.500000%,37.500000%
근처,35,30,65,53.846154%,46.153846%
때,35,15,50,70.000000%,30.000000%
버스,35,27,62,56.451613%,43.548387%
시간,35,25,60,58.333333%,41.666667%
정도,35,48,83,42.168675%,57.831325%
주,35,36,71,49.295775%,50.704225%
명소,34,32,66,51.515152%,48.484848%
날씨,32,1,33,96.969697%,3.030303%
대릉원,32,0,32,100.000000%,0.000000%
가능,30,35,65,46.153846%,53.846154%
동선,30,5,35,85.714286%,14.285714%
아들,30,0,30,100.000000%,0.000000%
야경,30,5,35,85.714286%,14.285714%
어머니,30,5,35,85.714286%,14.285714%
여자,30,15,45,66.666667%,33.333333%
예정,30,35,65,46.153846%,53.846154%
이번,30,45,75,40.000000%,60.000000%
분위기,28,0,28,100.000000%,0.000000%
아래,28,22,50,56.000000%,44.000000%
핫,28,0,28,100.000000%,0.000000%
도보,25,9,34,73.529412%,26.470588%
소개,25,0,25,100.000000%,0.000000%
식당,25,8,33,75.757576%,24.242424%
아빠,25,5,30,83.333333%,16.666667%
월드,25,0,25,100.000000%,0.000000%
이용,25,32,57,43.859649%,56.140351%
작품,25,0,25,100.000000%,0.000000%
장소,25,20,45,55.555556%,44.444444%
정보,25,29,54,46.296296%,53.703704%
특별,25,9,34,73.529412%,26.470588%
확인,25,10,35,71.428571%,28.571429%
비,24,5,29,82.758621%,17.241379%
플레이스,24,0,24,100.000000%,0.000000%
도움,21,25,46,45.652174%,54.347826%
문화,21,21,42,50.000000%,50.000000%
역사,21,5,26,80.769231%,19.230769%
가요,20,15,35,57.142857%,42.857143%
국립,20,5,25,80.000000%,20.000000%
다음,20,10,30,66.666667%,33.333333%
동안,20,5,25,80.000000%,20.000000%
루트,20,0,20,100.000000%,0.000000%
마음,20,0,20,100.000000%,0.000000%
무열왕릉,20,0,20,100.000000%,0.000000%
박물관,20,15,35,57.142857%,42.857143%
보문,20,0,20,100.000000%,0.000000%
시기,20,0,20,100.000000%,0.000000%
실패,20,0,20,100.000000%,0.000000%
예약,20,5,25,80.000000%,20.000000%
요금,20,2,22,90.909091%,9.090909%
인,20,19,39,51.282051%,48.717949%
전,20,285,305,6.557377%,93.442623%
주말,20,23,43,46.511628%,53.488372%
주요,20,2,22,90.909091%,9.090909%
첨부,20,7,27,74.074074%,25.925926%
추석,20,16,36,55.555556%,44.444444%
혼자,20,20,40,50.000000%,50.000000%
생각,18,10,28,64.285714%,35.714286%
채택,18,5,23,78.260870%,21.739130%
날,17,5,22,77.272727%,22.727273%
갈만,15,30,45,33.333333%,66.666667%
거리,15,20,35,42.857143%,57.142857%
경우,15,0,15,100.000000%,0.000000%
고민,15,10,25,60.000000%,40.000000%
관광,15,25,40,37.500000%,62.500000%
관람,15,0,15,100.000000%,0.000000%
교통편,15,0,15,100.000000%,0.000000%
기차,15,10,25,60.000000%,40.000000%
남산,15,0,15,100.000000%,0.000000%
내공,15,10,25,60.000000%,40.000000%
느낌,15,0,15,100.000000%,0.000000%
달,15,180,195,7.692308%,92.307692%
당일,15,20,35,42.857143%,57.142857%
당일치기,15,56,71,21.126761%,78.873239%
대중교통,15,30,45,33.333333%,66.666667%
리스트,15,0,15,100.000000%,0.000000%
문,15,16,31,48.387097%,51.612903%
미술관,15,5,20,75.000000%,25.000000%
부산,15,5,20,75.000000%,25.000000%
빵집,15,0,15,100.000000%,0.000000%
사람,15,35,50,30.000000%,70.000000%
서울,15,10,25,60.000000%,40.000000%
시내,15,0,15,100.000000%,0.000000%
예보,15,0,15,100.000000%,0.000000%
용,15,0,15,100.000000%,0.000000%
우양,15,0,15,100.000000%,0.000000%
운전,15,0,15,100.000000%,0.000000%
위치,15,0,15,100.000000%,0.000000%
저녁,15,10,25,60.000000%,40.000000%
전문,15,115,130,11.538462%,88.461538%
전시,15,0,15,100.000000%,0.000000%
주변,15,10,25,60.000000%,40.000000%
주차,15,0,15,100.000000%,0.000000%
지도,15,0,15,100.000000%,0.000000%
평일,15,5,20,75.000000%,25.000000%
포항,15,0,15,100.000000%,0.000000%
학년,15,10,25,60.000000%,40.000000%
한정식,15,0,15,100.000000%,0.000000%
볼거리,14,10,24,58.333333%,41.666667%
현지인,14,10,24,58.333333%,41.666667%
감성,13,5,18,72.222222%,27.777778%
경험,11,9,20,55.000000%,45.000000%
도시,11,5,16,68.750000%,31.250000%
중요,11,0,11,100.000000%,0.000000%
펜션,11,0,11,100.000000%,0.000000%
가보세요,10,5,15,66.666667%,33.333333%
가을,10,5,15,66.666667%,33.333333%
가이드,10,0,10,100.000000%,0.000000%
감상,10,0,10,100.000000%,0.000000%
경북,10,0,10,100.000000%,0.000000%
골,10,0,10,100.000000%,0.000000%
공원,10,43,53,18.867925%,81.132075%
과,10,0,10,100.000000%,0.000000%
교동,10,5,15,66.666667%,33.333333%
기림사,10,0,10,100.000000%,0.000000%
기상,10,0,10,100.000000%,0.000000%
남자,10,25,35,28.571429%,71.428571%
남편,10,0,10,100.000000%,0.000000%
눈,10,0,10,100.000000%,0.000000%
다면,10,0,10,100.000000%,0.000000%
단지,10,0,10,100.000000%,0.000000%
단풍,10,0,10,100.000000%,0.000000%
대접,10,0,10,100.000000%,0.000000%
데이트,10,5,15,66.666667%,33.333333%
도착,10,7,17,58.823529%,41.176471%
돈,10,0,10,100.000000%,0.000000%
동반,10,10,20,50.000000%,50.000000%
딸,10,5,15,66.666667%,33.333333%
렌트,10,25,35,28.571429%,71.428571%
마을,10,113,123,8.130081%,91.869919%
말,10,10,20,50.000000%,50.000000%
말씀,10,5,15,66.666667%,33.333333%
맞춤,10,7,17,58.823529%,41.176471%
문화재,10,0,10,100.000000%,0.000000%
미성년자,10,0,10,100.000000%,0.000000%
반려,10,10,20,50.000000%,50.000000%
밤,10,3,13,76.923077%,23.076923%
부모,10,28,38,26.315789%,73.684211%
부족,10,0,10,100.000000%,0.000000%
부처,10,0,10,100.000000%,0.000000%
분황사,10,0,10,100.000000%,0.000000%
뷰,10,5,15,66.666667%,33.333333%
블로거,10,5,15,66.666667%,33.333333%
블로그,10,9,19,52.631579%,47.368421%
빵,10,0,10,100.000000%,0.000000%
사지,10,0,10,100.000000%,0.000000%
선택,10,5,15,66.666667%,33.333333%
성인,10,0,10,100.000000%,0.000000%
숨,10,0,10,100.000000%,0.000000%
시작,10,25,35,28.571429%,71.428571%
신라,10,0,10,100.000000%,0.000000%
실내,10,5,15,66.666667%,33.333333%
애인,10,0,10,100.000000%,0.000000%
어르신,10,0,10,100.000000%,0.000000%
어버이날,10,0,10,100.000000%,0.000000%
어사이즈,10,0,10,100.000000%,0.000000%
언니,10,0,10,100.000000%,0.000000%
엑스포,10,0,10,100.000000%,0.000000%
여유,10,0,10,100.000000%,0.000000%
역,10,10,20,50.000000%,50.000000%
오릉,10,0,10,100.000000%,0.000000%
오전,10,10,20,50.000000%,50.000000%
요번,10,0,10,100.000000%,0.000000%
운영,10,0,10,100.000000%,0.000000%
위주,10,15,25,40.000000%,60.000000%
유적지,10,5,15,66.666667%,33.333333%
의견,10,5,15,66.666667%,33.333333%
인근,10,10,20,50.000000%,50.000000%
인원,10,0,10,100.000000%,0.000000%
자전거,10,0,10,100.000000%,0.000000%
자차,10,10,20,50.000000%,50.000000%
저번,10,0,10,100.000000%,0.000000%
전통,10,29,39,25.641026%,74.358974%
정복,10,0,10,100.000000%,0.000000%
조언,10,5,15,66.666667%,33.333333%
주신,10,0,10,100.000000%,0.000000%
주제,10,0,10,100.000000%,0.000000%
주차장,10,0,10,100.000000%,0.000000%
쭈니,10,5,15,66.666667%,33.333333%
처음,10,13,23,43.478261%,56.521739%
체험,10,17,27,37.037037%,62.962963%
초등,10,5,15,66.666667%,33.333333%
초등학생,10,0,10,100.000000%,0.000000%
최적,10,0,10,100.000000%,0.000000%
출발,10,1,11,90.909091%,9.090909%
친정,10,5,15,66.666667%,33.333333%
캐리,10,0,10,100.000000%,0.000000%
캐리어,10,0,10,100.000000%,0.000000%
쿠지,10,0,10,100.000000%,0.000000%
터미널,10,36,46,21.739130%,78.260870%
패딩,10,0,10,100.000000%,0.000000%
필수,10,0,10,100.000000%,0.000000%
하루,10,5,15,66.666667%,33.333333%
한옥,10,118,128,7.812500%,92.187500%
활동,10,8,18,55.555556%,44.444444%
황,10,0,10,100.000000%,0.000000%
황동,10,0,10,100.000000%,0.000000%
황룡,10,0,10,100.000000%,0.000000%
후,10,5,15,66.666667%,33.333333%
인기,9,0,9,100.000000%,0.000000%
감사,8,44,52,15.384615%,84.615385%
기간,8,5,13,61.538462%,38.461538%
메뉴,8,0,8,100.000000%,0.000000%
원,8,5,13,61.538462%,38.461538%
월,8,5,13,61.538462%,38.461538%
이동,8,27,35,22.857143%,77.142857%
정교,8,0,8,100.000000%,0.000000%
해변,8,0,8,100.000000%,0.000000%
형편,8,0,8,100.000000%,0.000000%
릉,7,0,7,100.000000%,0.000000%
빌라,6,0,6,100.000000%,0.000000%
오푸스,6,0,6,100.000000%,0.000000%
풀,6,0,6,100.000000%,0.000000%
가격,5,25,30,16.666667%,83.333333%
가본적,5,0,5,100.000000%,0.000000%
가시,5,0,5,100.000000%,0.000000%
가실,5,5,10,50.000000%,50.000000%
가여,5,0,5,100.000000%,0.000000%
가이드북,5,0,5,100.000000%,0.000000%
간,5,0,5,100.000000%,0.000000%
감포,5,0,5,100.000000%,0.000000%
개별,5,0,5,100.000000%,0.000000%
개인,5,0,5,100.000000%,0.000000%
개화,5,0,5,100.000000%,0.000000%
객실,5,0,5,100.000000%,0.000000%
걱정,5,5,10,50.000000%,50.000000%
건강,5,0,5,100.000000%,0.000000%
검색,5,5,10,50.000000%,50.000000%
게스트,5,5,10,50.000000%,50.000000%
겨울,5,0,5,100.000000%,0.000000%
견,5,0,5,100.000000%,0.000000%
결과,5,0,5,100.000000%,0.000000%
경관,5,0,5,100.000000%,0.000000%
경기도,5,0,5,100.000000%,0.000000%
경량,5,0,5,100.000000%,0.000000%
경비,5,15,20,25.000000%,75.000000%
경주로,5,0,5,100.000000%,0.000000%
경주시,5,0,5,100.000000%,0.000000%
경치,5,0,5,100.000000%,0.000000%
경험담,5,0,5,100.000000%,0.000000%
계절,5,5,10,50.000000%,50.000000%
고등학생,5,5,10,50.000000%,50.000000%
고속버스,5,0,5,100.000000%,0.000000%
고택,5,0,5,100.000000%,0.000000%
공간,5,5,10,50.000000%,50.000000%
공부,5,0,5,100.000000%,0.000000%
공영,5,0,5,100.000000%,0.000000%
공유,5,0,5,100.000000%,0.000000%
관광객,5,0,5,100.000000%,0.000000%
관심,5,0,5,100.000000%,0.000000%
교촌,5,0,5,100.000000%,0.000000%
구성원,5,0,5,100.000000%,0.000000%
구체,5,0,5,100.000000%,0.000000%
국내,5,160,165,3.030303%,96.969697%
군요,5,0,5,100.000000%,0.000000%
궁원,5,0,5,100.000000%,0.000000%
궁터,5,0,5,100.000000%,0.000000%
권역,5,0,5,100.000000%,0.000000%
그동안,5,0,5,100.000000%,0.000000%
그때,5,5,10,50.000000%,50.000000%
글,5,0,5,100.000000%,0.000000%
기반,5,0,5,100.000000%,0.000000%
기본,5,10,15,33.333333%,66.666667%
기상청,5,0,5,100.000000%,0.000000%
꽃,5,0,5,100.000000%,0.000000%
나드리,5,0,5,100.000000%,0.000000%
날짜,5,5,10,50.000000%,50.000000%
낮,5,0,5,100.000000%,0.000000%
내년,5,0,5,100.000000%,0.000000%
내용,5,5,10,50.000000%,50.000000%
놀이기구,5,0,5,100.000000%,0.000000%
뉴스,5,0,5,100.000000%,0.000000%
다양,5,5,10,50.000000%,50.000000%
답,5,5,10,50.000000%,50.000000%
대공원,5,0,5,100.000000%,0.000000%
대명,5,0,5,100.000000%,0.000000%
대부분,5,7,12,41.666667%,58.333333%
대상,5,0,5,100.000000%,0.000000%
대표,5,5,10,50.000000%,50.000000%
대한민국,5,0,5,100.000000%,0.000000%
도보이,5,0,5,100.000000%,0.000000%
도슨,5,0,5,100.000000%,0.000000%
독,5,5,10,50.000000%,50.000000%
독채,5,0,5,100.000000%,0.000000%
동,5,0,5,100.000000%,0.000000%
동굴,5,0,5,100.000000%,0.000000%
동시,5,0,5,100.000000%,0.000000%
랜드마크,5,0,5,100.000000%,0.000000%
렌터카,5,0,5,100.000000%,0.000000%
렌트카,5,10,15,33.333333%,66.666667%
마지막,5,0,5,100.000000%,0.000000%
매일,5,0,5,100.000000%,0.000000%
먹거리,5,0,5,100.000000%,0.000000%
무료,5,0,5,100.000000%,0.000000%
문자,5,15,20,25.000000%,75.000000%
문제,5,5,10,50.000000%,50.000000%
미,5,0,5,100.000000%,0.000000%
밑,5,0,5,100.000000%,0.000000%
바닷가,5,10,15,33.333333%,66.666667%
바람,5,0,5,100.000000%,0.000000%
바베큐,5,0,5,100.000000%,0.000000%
바탕,5,0,5,100.000000%,0.000000%
밥,5,0,5,100.000000%,0.000000%
방학,5,5,10,50.000000%,50.000000%
방해,5,0,5,100.000000%,0.000000%
배달,5,0,5,100.000000%,0.000000%
배차,5,0,5,100.000000%,0.000000%
백남준,5,0,5,100.000000%,0.000000%
법주,5,0,5,100.000000%,0.000000%
벚꽃,5,0,5,100.000000%,0.000000%
보문관광단지,5,0,5,100.000000%,0.000000%
보통,5,5,10,50.000000%,50.000000%
본인,5,0,5,100.000000%,0.000000%
봄바람,5,0,5,100.000000%,0.000000%
봉길,5,0,5,100.000000%,0.000000%
부,5,0,5,100.000000%,0.000000%
부부,5,0,5,100.000000%,0.000000%
불안,5,0,5,100.000000%,0.000000%
불편,5,5,10,50.000000%,50.000000%
비추,5,0,5,100.000000%,0.000000%
비피,5,0,5,100.000000%,0.000000%
빙판길,5,0,5,100.000000%,0.000000%
산책,5,5,10,50.000000%,50.000000%
상황,5,5,10,50.000000%,50.000000%
새벽,5,0,5,100.000000%,0.000000%
생활,5,5,10,50.000000%,50.000000%
선배,5,0,5,100.000000%,0.000000%
성덕대왕,5,0,5,100.000000%,0.000000%
성수기,5,0,5,100.000000%,0.000000%
세영,5,0,5,100.000000%,0.000000%
셍,5,0,5,100.000000%,0.000000%
소품,5,0,5,100.000000%,0.000000%
수,5,0,5,100.000000%,0.000000%
수면,5,0,5,100.000000%,0.000000%
숙박,5,23,28,17.857143%,82.142857%
순서,5,10,15,33.333333%,66.666667%
스테이,5,0,5,100.000000%,0.000000%
시,5,0,5,100.000000%,0.000000%
시내버스,5,0,5,100.000000%,0.000000%
시대,5,5,10,50.000000%,50.000000%
시외버스,5,10,15,33.333333%,66.666667%
식사,5,0,5,100.000000%,0.000000%
실제,5,0,5,100.000000%,0.000000%
실행,5,0,5,100.000000%,0.000000%
아모아,5,0,5,100.000000%,0.000000%
아버지,5,0,5,100.000000%,0.000000%
아침,5,5,10,50.000000%,50.000000%
안심,5,0,5,100.000000%,0.000000%
안압지,5,0,5,100.000000%,0.000000%
안전,5,0,5,100.000000%,0.000000%
앱,5,10,15,33.333333%,66.666667%
양남,5,0,5,100.000000%,0.000000%
어려움,5,0,5,100.000000%,0.000000%
어른,5,0,5,100.000000%,0.000000%
어린애,5,0,5,100.000000%,0.000000%
어머님,5,0,5,100.000000%,0.000000%
언덕,5,0,5,100.000000%,0.000000%
에서,5,0,5,100.000000%,0.000000%
여,5,5,10,50.000000%,50.000000%
여름,5,5,10,50.000000%,50.000000%
여행지,5,5,10,50.000000%,50.000000%
역하,5,0,5,100.000000%,0.000000%
연계,5,0,5,100.000000%,0.000000%
연중무휴,5,0,5,100.000000%,0.000000%
열차,5,0,5,100.000000%,0.000000%
예산,5,5,10,50.000000%,50.000000%
예전,5,0,5,100.000000%,0.000000%
오디오,5,0,5,100.000000%,0.000000%
오랫동안,5,0,5,100.000000%,0.000000%
오후,5,15,20,25.000000%,75.000000%
완벽,5,0,5,100.000000%,0.000000%
왕자,5,0,5,100.000000%,0.000000%
용시,5,0,5,100.000000%,0.000000%
운행,5,0,5,100.000000%,0.000000%
움직임,5,0,5,100.000000%,0.000000%
워터,5,0,5,100.000000%,0.000000%
원릉,5,0,5,100.000000%,0.000000%
월드컵,5,0,5,100.000000%,0.000000%
유산,5,0,5,100.000000%,0.000000%
유익,5,0,5,100.000000%,0.000000%
음식,5,30,35,14.285714%,85.714286%
의미,5,0,5,100.000000%,0.000000%
이맘때,5,0,5,100.000000%,0.000000%
이청아,5,0,5,100.000000%,0.000000%
이틀,5,0,5,100.000000%,0.000000%
인테리어,5,0,5,100.000000%,0.000000%
일본,5,5,10,50.000000%,50.000000%
입실,5,0,5,100.000000%,0.000000%
입장,5,0,5,100.000000%,0.000000%
자,5,5,10,50.000000%,50.000000%
자녀,5,0,5,100.000000%,0.000000%
자연,5,0,5,100.000000%,0.000000%
작년,5,0,5,100.000000%,0.000000%
장,5,0,5,100.000000%,0.000000%
재미,5,0,5,100.000000%,0.000000%
전남,5,0,5,100.000000%,0.000000%
전반,5,0,5,100.000000%,0.000000%
전역,5,0,5,100.000000%,0.000000%
전용,5,0,5,100.000000%,0.000000%
절리,5,0,5,100.000000%,0.000000%
점심,5,10,15,33.333333%,66.666667%
정리,5,11,16,31.250000%,68.750000%
정상,5,0,5,100.000000%,0.000000%
정서,5,0,5,100.000000%,0.000000%
제공,5,0,5,100.000000%,0.000000%
제시,5,5,10,50.000000%,50.000000%
제안,5,0,5,100.000000%,0.000000%
제외,5,0,5,100.000000%,0.000000%
제주,5,145,150,3.333333%,96.666667%
조금,5,0,5,100.000000%,0.000000%
조사,5,0,5,100.000000%,0.000000%
조절,5,0,5,100.000000%,0.000000%
조정,5,5,10,50.000000%,50.000000%
존,5,0,5,100.000000%,0.000000%
주상,5,0,5,100.000000%,0.000000%
주의,5,0,5,100.000000%,0.000000%
줄,5,0,5,100.000000%,0.000000%
중,5,10,15,33.333333%,66.666667%
중순,5,11,16,31.250000%,68.750000%
중학,5,0,5,100.000000%,0.000000%
중학교,5,0,5,100.000000%,0.000000%
지리,5,0,5,100.000000%,0.000000%
지역,5,15,20,25.000000%,75.000000%
지역민,5,0,5,100.000000%,0.000000%
직전,5,0,5,100.000000%,0.000000%
질,5,10,15,33.333333%,66.666667%
집행,5,0,5,100.000000%,0.000000%
차선,5,0,5,100.000000%,0.000000%
찰보리,5,0,5,100.000000%,0.000000%
천군동,5,0,5,100.000000%,0.000000%
첨,5,0,5,100.000000%,0.000000%
체계,5,0,5,100.000000%,0.000000%
체크인,5,0,5,100.000000%,0.000000%
초반,5,0,5,100.000000%,0.000000%
초보,5,0,5,100.000000%,0.000000%
최대한,5,0,5,100.000000%,0.000000%
최소한,5,10,15,33.333333%,66.666667%
최초,5,0,5,100.000000%,0.000000%
추가,5,5,10,50.000000%,50.000000%
추억,5,20,25,20.000000%,80.000000%
출발지,5,0,5,100.000000%,0.000000%
취향,5,0,5,100.000000%,0.000000%
카카오,5,0,5,100.000000%,0.000000%
카테고리,5,0,5,100.000000%,0.000000%
코,5,0,5,100.000000%,0.000000%
코트,5,0,5,100.000000%,0.000000%
콘도,5,0,5,100.000000%,0.000000%
터,5,0,5,100.000000%,0.000000%
테마파크,5,0,5,100.000000%,0.000000%
토함산,5,0,5,100.000000%,0.000000%
통제,5,0,5,100.000000%,0.000000%
투어,5,10,15,33.333333%,66.666667%
트,5,0,5,100.000000%,0.000000%
특징,5,0,5,100.000000%,0.000000%
팁,5,0,5,100.000000%,0.000000%
파크,5,0,5,100.000000%,0.000000%
편리,5,5,10,50.000000%,50.000000%
평지,5,0,5,100.000000%,0.000000%
포,5,0,5,100.000000%,0.000000%
포석정,5,0,5,100.000000%,0.000000%
포토,5,5,10,50.000000%,50.000000%
포함,5,30,35,14.285714%,85.714286%
품격,5,0,5,100.000000%,0.000000%
필요,5,10,15,33.333333%,66.666667%
하우스,5,5,10,50.000000%,50.000000%
학교,5,0,5,100.000000%,0.000000%
학생,5,5,10,50.000000%,50.000000%
한복,5,14,19,26.315789%,73.684211%
한식,5,0,5,100.000000%,0.000000%
할증,5,0,5,100.000000%,0.000000%
해결책,5,0,5,100.000000%,0.000000%
행복,5,0,5,100.000000%,0.000000%
행사,5,0,5,100.000000%,0.000000%
호수,5,5,10,50.000000%,50.000000%
호텔,5,25,30,16.666667%,83.333333%
화,5,5,10,50.000000%,50.000000%
황남,5,0,5,100.000000%,0.000000%
황남빵,5,0,5,100.000000%,0.000000%
황성,5,0,5,100.000000%,0.000000%
황지,5,0,5,100.000000%,0.000000%
휴무일,5,0,5,100.000000%,0.000000%
휴식,5,0,5,100.000000%,0.000000%
흥미,5,0,5,100.000000%,0.000000%
구경,4,15,19,21.052632%,78.947368%
독특,4,0,4,100.000000%,0.000000%
방법,4,0,4,100.000000%,0.000000%
옥,4,10,14,28.571429%,71.428571%
유럽,4,0,4,100.000000%,0.000000%
자랑,4,0,4,100.000000%,0.000000%
조화,4,0,4,100.000000%,0.000000%
고아라,3,0,3,100.000000%,0.000000%
사이트,3,5,8,37.500000%,62.500000%
오류,3,0,3,100.000000%,0.000000%
후기,3,0,3,100.000000%,0.000000%
강수량,2,0,2,100.000000%,0.000000%
문무대왕,2,0,2,100.000000%,0.000000%
소식,2,0,2,100.000000%,0.000000%
수요일,2,0,2,100.000000%,0.000000%
운치,2,0,2,100.000000%,0.000000%
중학생,2,0,2,100.000000%,0.000000%
퍼,2,0,2,100.000000%,0.000000%
구매,1,0,1,100.000000%,0.000000%
대여,1,9,10,10.000000%,90.000000%
카메라,1,0,1,100.000000%,0.000000%
폴라로이드,1,0,1,100.000000%,0.000000%
봉,0,330,330,0.000000%,100.000000%
여수,0,315,315,0.000000%,100.000000%
주달,0,280,280,0.000000%,100.000000%
한옥마을,0,191,191,0.000000%,100.000000%
티비,0,165,165,0.000000%,100.000000%
제주도,0,120,120,0.000000%,100.000000%
봉이,0,115,115,0.000000%,100.000000%
언서,0,115,115,0.000000%,100.000000%
플,0,115,115,0.000000%,100.000000%
덕진,0,42,42,0.000000%,100.000000%
동물원,0,40,40,0.000000%,100.000000%
비용,0,35,35,0.000000%,100.000000%
시장,0,30,30,0.000000%,100.000000%
전라도,0,30,30,0.000000%,100.000000%
강아지,0,25,25,0.000000%,100.000000%
남부,0,25,25,0.000000%,100.000000%
커플,0,23,23,0.000000%,100.000000%
수목원,0,20,20,0.000000%,100.000000%
얼마,0,20,20,0.000000%,100.000000%
완산구,0,20,20,0.000000%,100.000000%
중심,0,17,17,0.000000%,100.000000%
고등학교,0,15,15,0.000000%,100.000000%
교통,0,15,15,0.000000%,100.000000%
금요일,0,15,15,0.000000%,100.000000%
덕진구,0,15,15,0.000000%,100.000000%
자동차,0,15,15,0.000000%,100.000000%
진행,0,15,15,0.000000%,100.000000%
토요일,0,15,15,0.000000%,100.000000%
한국,0,15,15,0.000000%,100.000000%
향교,0,15,15,0.000000%,100.000000%
전통문화,0,14,14,0.000000%,100.000000%
네임,0,13,13,0.000000%,100.000000%
카드,0,13,13,0.000000%,100.000000%
감,0,10,10,0.000000%,100.000000%
경기전,0,10,10,0.000000%,100.000000%
교통비,0,10,10,0.000000%,100.000000%
난장,0,10,10,0.000000%,100.000000%
남,0,10,10,0.000000%,100.000000%
내일,0,10,10,0.000000%,100.000000%
목대,0,10,10,0.000000%,100.000000%
무리,0,10,10,0.000000%,100.000000%
바다,0,10,10,0.000000%,100.000000%
보존,0,10,10,0.000000%,100.000000%
복귀,0,10,10,0.000000%,100.000000%
비빔,0,10,10,0.000000%,100.000000%
사투리,0,10,10,0.000000%,100.000000%
소리,0,10,10,0.000000%,100.000000%
수단,0,10,10,0.000000%,100.000000%
수원,0,10,10,0.000000%,100.000000%
안내,0,10,10,0.000000%,100.000000%
여학생,0,10,10,0.000000%,100.000000%
연령,0,10,10,0.000000%,100.000000%
영화제,0,10,10,0.000000%,100.000000%
예상,0,10,10,0.000000%,100.000000%
완주,0,10,10,0.000000%,100.000000%
요소,0,10,10,0.000000%,100.000000%
위,0,10,10,0.000000%,100.000000%
음식점,0,10,10,0.000000%,100.000000%
의,0,10,10,0.000000%,100.000000%
이벤트,0,10,10,0.000000%,100.000000%
이상,0,10,10,0.000000%,100.000000%
자가용,0,10,10,0.000000%,100.000000%
전시회,0,10,10,0.000000%,100.000000%
지난주,0,10,10,0.000000%,100.000000%
짐,0,10,10,0.000000%,100.000000%
크리스마스,0,10,10,0.000000%,100.000000%
토,0,10,10,0.000000%,100.000000%
한국도로공사,0,10,10,0.000000%,100.000000%
게시판,0,9,9,0.000000%,100.000000%
사항,0,9,9,0.000000%,100.000000%
현대,0,9,9,0.000000%,100.000000%
가옥,0,5,5,0.000000%,100.000000%
가운데,0,5,5,0.000000%,100.000000%
값,0,5,5,0.000000%,100.000000%
거북,0,5,5,0.000000%,100.000000%
건물,0,5,5,0.000000%,100.000000%
결제,0,5,5,0.000000%,100.000000%
경로,0,5,5,0.000000%,100.000000%
고려,0,5,5,0.000000%,100.000000%
공방,0,5,5,0.000000%,100.000000%
공연,0,5,5,0.000000%,100.000000%
공예품,0,5,5,0.000000%,100.000000%
공용,0,5,5,0.000000%,100.000000%
공장,0,5,5,0.000000%,100.000000%
관광공사,0,5,5,0.000000%,100.000000%
광주,0,5,5,0.000000%,100.000000%
교육,0,5,5,0.000000%,100.000000%
구용,0,5,5,0.000000%,100.000000%
군산,0,5,5,0.000000%,100.000000%
굴,0,5,5,0.000000%,100.000000%
그램,0,5,5,0.000000%,100.000000%
금액,0,5,5,0.000000%,100.000000%
급,0,5,5,0.000000%,100.000000%
기관,0,5,5,0.000000%,100.000000%
기대,0,5,5,0.000000%,100.000000%
기차표,0,5,5,0.000000%,100.000000%
기프,0,5,5,0.000000%,100.000000%
기회,0,5,5,0.000000%,100.000000%
김선용,0,5,5,0.000000%,100.000000%
내외,0,5,5,0.000000%,100.000000%
닝,0,5,5,0.000000%,100.000000%
다랭이,0,5,5,0.000000%,100.000000%
다윈,0,5,5,0.000000%,100.000000%
달인,0,5,5,0.000000%,100.000000%
답장,0,5,5,0.000000%,100.000000%
당장,0,5,5,0.000000%,100.000000%
대둔산,0,5,5,0.000000%,100.000000%
대옥,0,5,5,0.000000%,100.000000%
대학,0,5,5,0.000000%,100.000000%
더클래식,0,5,5,0.000000%,100.000000%
독일,0,5,5,0.000000%,100.000000%
동물,0,5,5,0.000000%,100.000000%
떡갈비,0,5,5,0.000000%,100.000000%
라,0,5,5,0.000000%,100.000000%
라면,0,5,5,0.000000%,100.000000%
랜드,0,5,5,0.000000%,100.000000%
레일바이크,0,5,5,0.000000%,100.000000%
려인,0,5,5,0.000000%,100.000000%
마감,0,5,5,0.000000%,100.000000%
문의,0,5,5,0.000000%,100.000000%
문화유산,0,5,5,0.000000%,100.000000%
뮤,0,5,5,0.000000%,100.000000%
반,0,5,5,0.000000%,100.000000%
반양,0,5,5,0.000000%,100.000000%
방,0,5,5,0.000000%,100.000000%
방지,0,5,5,0.000000%,100.000000%
법률,0,5,5,0.000000%,100.000000%
벽화,0,5,5,0.000000%,100.000000%
변호,0,5,5,0.000000%,100.000000%
변호사,0,5,5,0.000000%,100.000000%
보리암,0,5,5,0.000000%,100.000000%
본점,0,5,5,0.000000%,100.000000%
부분,0,5,5,0.000000%,100.000000%
비빔밥,0,5,5,0.000000%,100.000000%
사회,0,5,5,0.000000%,100.000000%
상담,0,5,5,0.000000%,100.000000%
상당,0,5,5,0.000000%,100.000000%
새만금,0,5,5,0.000000%,100.000000%
생략,0,5,5,0.000000%,100.000000%
생일,0,5,5,0.000000%,100.000000%
서신동,0,5,5,0.000000%,100.000000%
선착순,0,5,5,0.000000%,100.000000%
세염,0,5,5,0.000000%,100.000000%
세일,0,5,5,0.000000%,100.000000%
소속,0,5,5,0.000000%,100.000000%
수정,0,5,5,0.000000%,100.000000%
수지,0,5,5,0.000000%,100.000000%
수학,0,5,5,0.000000%,100.000000%
술,0,5,5,0.000000%,100.000000%
술값,0,5,5,0.000000%,100.000000%
스로,0,5,5,0.000000%,100.000000%
스타,0,5,5,0.000000%,100.000000%
스토리,0,5,5,0.000000%,100.000000%
스팟,0,5,5,0.000000%,100.000000%
시설,0,5,5,0.000000%,100.000000%
시절,0,5,5,0.000000%,100.000000%
식비,0,5,5,0.000000%,100.000000%
실시간,0,5,5,0.000000%,100.000000%
아중,0,5,5,0.000000%,100.000000%
알짜배기,0,5,5,0.000000%,100.000000%
앞,0,5,5,0.000000%,100.000000%
애견,0,5,5,0.000000%,100.000000%
애니,0,5,5,0.000000%,100.000000%
야시장,0,5,5,0.000000%,100.000000%
양식,0,5,5,0.000000%,100.000000%
억양,0,5,5,0.000000%,100.000000%
에도,0,5,5,0.000000%,100.000000%
여행객,0,5,5,0.000000%,100.000000%
연극,0,5,5,0.000000%,100.000000%
연못,0,5,5,0.000000%,100.000000%
연인,0,5,5,0.000000%,100.000000%
예술,0,5,5,0.000000%,100.000000%
예약금,0,5,5,0.000000%,100.000000%
오타쿠,0,5,5,0.000000%,100.000000%
오픈,0,5,5,0.000000%,100.000000%
왕복,0,5,5,0.000000%,100.000000%
요약,0,5,5,0.000000%,100.000000%
요일,0,5,5,0.000000%,100.000000%
욕조,0,5,5,0.000000%,100.000000%
운송,0,5,5,0.000000%,100.000000%
월요일,0,5,5,0.000000%,100.000000%
웨이팅,0,5,5,0.000000%,100.000000%
유명,0,5,5,0.000000%,100.000000%
음료,0,5,5,0.000000%,100.000000%
의외,0,5,5,0.000000%,100.000000%
이동은,0,5,5,0.000000%,100.000000%
인당,0,5,5,0.000000%,100.000000%
일,0,5,5,0.000000%,100.000000%
일반,0,5,5,0.000000%,100.000000%
일식,0,5,5,0.000000%,100.000000%
입장료,0,5,5,0.000000%,100.000000%
자만,0,5,5,0.000000%,100.000000%
전동성당,0,5,5,0.000000%,100.000000%
전라북도,0,5,5,0.000000%,100.000000%
전망,0,5,5,0.000000%,100.000000%
전주국,0,5,5,0.000000%,100.000000%
전주시,0,5,5,0.000000%,100.000000%
조선,0,5,5,0.000000%,100.000000%
주로,0,5,5,0.000000%,100.000000%
주목적,0,5,5,0.000000%,100.000000%
주문,0,5,5,0.000000%,100.000000%
주이,0,5,5,0.000000%,100.000000%
중간,0,5,5,0.000000%,100.000000%
중식,0,5,5,0.000000%,100.000000%
지방,0,5,5,0.000000%,100.000000%
지식,0,5,5,0.000000%,100.000000%
집,0,5,5,0.000000%,100.000000%
징,0,5,5,0.000000%,100.000000%
짬뽕,0,5,5,0.000000%,100.000000%
찜질방,0,5,5,0.000000%,100.000000%
천차만별,0,5,5,0.000000%,100.000000%
체증,0,5,5,0.000000%,100.000000%
침대,0,5,5,0.000000%,100.000000%
캐릭터,0,5,5,0.000000%,100.000000%
케이블카,0,5,5,0.000000%,100.000000%
코로나,0,5,5,0.000000%,100.000000%
콘,0,5,5,0.000000%,100.000000%
킹,0,5,5,0.000000%,100.000000%
태교,0,5,5,0.000000%,100.000000%
토대,0,5,5,0.000000%,100.000000%
통상,0,5,5,0.000000%,100.000000%
트레,0,5,5,0.000000%,100.000000%
특색,0,5,5,0.000000%,100.000000%
티,0,5,5,0.000000%,100.000000%
팀조,0,5,5,0.000000%,100.000000%
팔복,0,5,5,0.000000%,100.000000%
팜,0,5,5,0.000000%,100.000000%
페스타,0,5,5,0.000000%,100.000000%
폼,0,5,5,0.000000%,100.000000%
플랫,0,5,5,0.000000%,100.000000%
하늘,0,5,5,0.000000%,100.000000%
하트,0,5,5,0.000000%,100.000000%
항목,0,5,5,0.000000%,100.000000%
해설,0,5,5,0.000000%,100.000000%
허락,0,5,5,0.000000%,100.000000%
현장,0,5,5,0.000000%,100.000000%
현재,0,5,5,0.000000%,100.000000%
현지,0,5,5,0.000000%,100.000000%
현황,0,5,5,0.000000%,100.000000%
환급,0,5,5,0.000000%,100.000000%
효율,0,5,5,0.000000%,100.000000%
휴가,0,5,5,0.000000%,100.000000%
휴무,0,5,5,0.000000%,100.000000%
흐노,0,5,5,0.000000%,100.000000%
공예,0,4,4,0.000000%,100.000000%
프로그램,0,4,4,0.000000%,100.000000%
야,0,3,3,0.000000%,100.000000%
컨셉,0,3,3,0.000000%,100.000000%
부담,0,2,2,0.000000%,100.000000%
주역,0,2,2,0.000000%,100.000000%
시점,0,1,1,0.000000%,100.000000%
연,0,1,1,0.000000%,100.000000%
이여,0,1,1,0.000000%,100.000000%
전주비빔밥,0,1,1,0.000000%,100.000000%
해용,0,1,1,0.000000%,100.000000%
